Daily commit for 22f1001977@ds.study.iitm.ac.in
Mon Oct 27 14:50:37 UTC 2025
Daily commit for 22f1001977@ds.study.iitm.ac.in
Tue Oct 28 03:02:47 UTC 2025
Daily commit for 22f1001977@ds.study.iitm.ac.in
Wed Oct 29 03:10:53 UTC 2025
Daily commit for 22f1001977@ds.study.iitm.ac.in
Thu Oct 30 03:06:27 UTC 2025
Daily commit for 22f1001977@ds.study.iitm.ac.in
Fri Oct 31 03:05:54 UTC 2025
Daily commit for 22f1001977@ds.study.iitm.ac.in
Sat Nov  1 03:06:34 UTC 2025
Daily commit for 22f1001977@ds.study.iitm.ac.in
Sun Nov  2 03:10:30 UTC 2025
Daily commit for 22f1001977@ds.study.iitm.ac.in
Mon Nov  3 03:12:13 UTC 2025
Daily commit for 22f1001977@ds.study.iitm.ac.in
Tue Nov  4 03:05:08 UTC 2025
Daily commit for 22f1001977@ds.study.iitm.ac.in
Wed Nov  5 03:06:44 UTC 2025
Daily commit for 22f1001977@ds.study.iitm.ac.in
Thu Nov  6 03:09:17 UTC 2025
Daily commit for 22f1001977@ds.study.iitm.ac.in
Fri Nov  7 03:05:41 UTC 2025
Daily commit for 22f1001977@ds.study.iitm.ac.in
Sat Nov  8 02:57:32 UTC 2025
Daily commit for 22f1001977@ds.study.iitm.ac.in
Sun Nov  9 03:08:08 UTC 2025
Daily commit for 22f1001977@ds.study.iitm.ac.in
Mon Nov 10 03:14:05 UTC 2025
Daily commit for 22f1001977@ds.study.iitm.ac.in
Tue Nov 11 03:08:48 UTC 2025
Daily commit for 22f1001977@ds.study.iitm.ac.in
Wed Nov 12 03:07:14 UTC 2025
Daily commit for 22f1001977@ds.study.iitm.ac.in
Thu Nov 13 03:10:05 UTC 2025
Daily commit for 22f1001977@ds.study.iitm.ac.in
Fri Nov 14 03:08:19 UTC 2025
